{"cameraMode":{"drawMode":0,"name":"Shaded","section":"Shading Mode"},"sceneLighting":false,"audioPlay":false,"sceneViewState":{"showFog":true,"showMaterialUpdate":false,"showSkybox":false,"showFlares":true,"showImageEffects":true,"showParticleSystems":true},"in2DMode":false,"pivot":{"x":-0.009139060974121094,"y":2.8244473934173586,"z":1.5689043998718262},"rotation":{"x":0.07230263948440552,"y":0.9273722171783447,"z":-0.2720101773738861,"w":0.24650295078754426},"size":41.22586441040039,"orthographic":false}