{"cameraMode":{"drawMode":0,"name":"Shaded","section":"Shading Mode"},"sceneLighting":true,"audioPlay":false,"sceneViewState":{"showFog":true,"showMaterialUpdate":false,"showSkybox":false,"showFlares":true,"showImageEffects":true,"showParticleSystems":true},"in2DMode":false,"pivot":{"x":374.046142578125,"y":-2.9150524139404299,"z":384.66546630859377},"rotation":{"x":0.10143768787384033,"y":0.8684589266777039,"z":-0.1990519016981125,"w":0.4425697326660156},"size":29.38243293762207,"orthographic":false}