{"cameraMode":{"drawMode":0,"name":"Shaded","section":"Shading Mode"},"sceneLighting":true,"audioPlay":false,"sceneViewState":{"showFog":true,"showMaterialUpdate":false,"showSkybox":false,"showFlares":true,"showImageEffects":true,"showParticleSystems":true},"in2DMode":false,"pivot":{"x":406.33001708984377,"y":-232.1665496826172,"z":-11.40545654296875},"rotation":{"x":0.01990061067044735,"y":0.9652566313743591,"z":-0.24884769320487977,"w":0.07719197124242783},"size":599.546875,"orthographic":false}